<level>
	<setting type = 'topred' value = '32'/>
	<setting type = 'topgreen' value = '0'/>
	<setting type = 'topblue' value = '64'/>
	<setting type = 'bottomred' value = '64'/>
	<setting type = 'bottomgreen' value = '64'/>
	<setting type = 'bottomblue' value = '192'/>
	<setting type = 'gravity' value = '1000'/>


	<entity name="Ceiling cap" template="Wall">
		<properties>
			<property type='WorldShapeProperty' shapetype='Polygon'>
				<point x = '-1500' y = '2000'/>
				<point x = '1500' y = '2000'/>
				<point x = '1500' y = '1950'/>
				<point x = '-1500' y = '1950'/>
			</property>
			<property type='PaintProperty' red='0' green='0' blue='0'/>
		</properties>
		<entitySets/>
	</entity>

	<entity name="FLip ceiling cap" template="Wall">
		<properties>
			<property type='WorldShapeProperty' shapetype='Polygon'>
				<point x = '1500' y = '-1950'/>
				<point x = '-1500' y = '-1950'/>
				<point x = '-1500' y = '-2000'/>
				<point x = '1500' y = '-2000'/>
			</property>
			<property type='PaintProperty' red='0' green='0' blue='0'/>
		</properties>
		<entitySets/>
	</entity>

	<entity name="Left wall" template="Wall">
		<properties>
			<property type='WorldShapeProperty' shapetype='Polygon'>
				<point x = '-3500' y = '2000'/>
				<point x = '-1500' y = '2000'/>
				<point x = '-1500' y = '-2000'/>
				<point x = '-3500' y = '-2000'/>
			</property>
			<property type='PaintProperty' red='0' green='0' blue='0'/>
		</properties>
		<entitySets/>
	</entity>
	
	<entity name="Right wall" template="Wall">
		<properties>
			<property type='WorldShapeProperty' shapetype='Polygon'>
				<point x = '3500' y = '2000'/>
				<point x = '1500' y = '2000'/>
				<point x = '1500' y = '-2000'/>
				<point x = '3500' y = '-2000'/>
			</property>
			<property type='PaintProperty' red='0' green='0' blue='0'/>
		</properties>
		<entitySets/>
	</entity>
	
	<entity name="Left catcher" template="Wall">
		<properties>
			<property type='WorldShapeProperty' shapetype='Polygon'>
				<point x = '-1000' y = '12.5'/>
				<point x = '-1200' y = '12.5'/>
				<point x = '-1200' y = '-12.5'/>
				<point x = '-1000' y = '-12.5'/>
			</property>
			<property type='PaintProperty' red='0' green='0' blue='0'/>
		</properties>
		<entitySets/>
	</entity>
	
	<entity name="Left catcher" template="Wall">
		<properties>
			<property type='WorldShapeProperty' shapetype='Polygon'>
				<point x = '1000' y = '12.5'/>
				<point x = '1200' y = '12.5'/>
				<point x = '1200' y = '-12.5'/>
				<point x = '1000' y = '-12.5'/>
			</property>
			<property type='PaintProperty' red='0' green='0' blue='0'/>
		</properties>
		<entitySets/>
	</entity>

	<entity name="Floor" template="Wall">
		<properties>
			<property type='WorldShapeProperty' shapetype='Polygon'>
				<point x = '-700' y = '50'/>
				<point x = '700' y = '50'/>
				<point x = '700' y = '-50'/>
				<point x = '-700' y = '-50'/>
			</property>
			<property type='PaintProperty' red='0' green='0' blue='0'/>
		</properties>
		<entitySets/>
	</entity>

	<entity name="Top platform 3 stalk" template="Wall">
		<properties>
			<property type='WorldShapeProperty' shapetype='Polygon'>
				<point x = '-25' y = '-440'/>
				<point x = '25' y = '-440'/>
				<point x = '25' y = '0'/>
				<point x = '-25' y = '0'/>
			</property>
			<property type='PaintProperty' red='0' green='0' blue='0'/>
		</properties>
		<entitySets/>
	</entity>
	
	<entity name="Top platform 1" template="Wall">
		<properties>
			<property type='WorldShapeProperty' shapetype='Polygon'>
				<point x = '-700' y = '-600'/>
				<point x = '-500' y = '-600'/>
				<point x = '-500' y = '-575'/>
				<point x = '-700' y = '-575'/>
			</property>
			<property type='PaintProperty' red='0' green='0' blue='0'/>
		</properties>
		<entitySets/>
	</entity>
	
	<entity name="Top platform 2" template="Wall">
		<properties>
			<property type='WorldShapeProperty' shapetype='Polygon'>
				<point x = '-100' y = '-450'/>
				<point x = '100' y = '-450'/>
				<point x = '100' y = '-425'/>
				<point x = '-100' y = '-425'/>
			</property>
			<property type='PaintProperty' red='0' green='0' blue='0'/>
		</properties>
		<entitySets/>
	</entity>
	
	<entity name="Top platform 3" template="Wall">
		<properties>
			<property type='WorldShapeProperty' shapetype='Polygon'>
				<point x = '700' y = '-600'/>
				<point x = '500' y = '-600'/>
				<point x = '500' y = '-575'/>
				<point x = '700' y = '-575'/>
			</property>
			<property type='PaintProperty' red='0' green='0' blue='0'/>
		</properties>
		<entitySets/>
	</entity>
	
	<entity name="Top platform 4" template="Wall">
		<properties>
			<property type='WorldShapeProperty' shapetype='Polygon'>
				<point x = '400' y = '-250'/>
				<point x = '200' y = '-250'/>
				<point x = '200' y = '-225'/>
				<point x = '400' y = '-225'/>
			</property>
			<property type='PaintProperty' red='0' green='0' blue='0'/>
		</properties>
		<entitySets/>
	</entity>
	
	
	<entity name="Top platform 5" template="Wall">
		<properties>
			<property type='WorldShapeProperty' shapetype='Polygon'>
				<point x = '-400' y = '-250'/>
				<point x = '-200' y = '-250'/>
				<point x = '-200' y = '-225'/>
				<point x = '-400' y = '-225'/>
			</property>
			<property type='PaintProperty' red='0' green='0' blue='0'/>
		</properties>
		<entitySets/>
	</entity>

	<entity name="Underside gravity zone" template="PhysicsZone">
		<properties>
			<property type='WorldShapeProperty' shapetype='Polygon'>
				<point x = '-1500' y = '0'/>
				<point x = '1500' y = '0'/>
				<point x = '1500' y = '2000'/>
				<point x = '-1500' y = '2000'/>
			</property>
			<property type='GravityZoneProperty' angle='180' strength='1'/>
			<property type='OrientedPaintProperty' texture='Textures/downArrow.png' orientation ='180'/>
		</properties>
		<entitySets/>
	</entity>

	<entity name="Bottom platform 1" template="Wall">
		<properties>
			<property type='WorldShapeProperty' shapetype='Polygon'>
				<point x = '-700' y = '600'/>
				<point x = '-500' y = '600'/>
				<point x = '-500' y = '575'/>
				<point x = '-700' y = '575'/>
			</property>
			<property type='PaintProperty' red='0' green='0' blue='0'/>
		</properties>
		<entitySets/>
	</entity>
	
	<entity name="Bottom platform 2" template="Wall">
		<properties>
			<property type='WorldShapeProperty' shapetype='Polygon'>
				<point x = '-100' y = '450'/>
				<point x = '100' y = '450'/>
				<point x = '100' y = '425'/>
				<point x = '-100' y = '425'/>
			</property>
			<property type='PaintProperty' red='0' green='0' blue='0'/>
		</properties>
		<entitySets/>
	</entity>
	
	<entity name="Bottom platform 3" template="Wall">
		<properties>
			<property type='WorldShapeProperty' shapetype='Polygon'>
				<point x = '700' y = '600'/>
				<point x = '500' y = '600'/>
				<point x = '500' y = '575'/>
				<point x = '700' y = '575'/>
			</property>
			<property type='PaintProperty' red='0' green='0' blue='0'/>
		</properties>
		<entitySets/>
	</entity>
	
	<entity name="Bottom platform 4" template="Wall">
		<properties>
			<property type='WorldShapeProperty' shapetype='Polygon'>
				<point x = '400' y = '250'/>
				<point x = '200' y = '250'/>
				<point x = '200' y = '225'/>
				<point x = '400' y = '225'/>
			</property>
			<property type='PaintProperty' red='0' green='0' blue='0'/>
		</properties>
		<entitySets/>
	</entity>
	
	<entity name="Bottom platform 5" template="Wall">
		<properties>
			<property type='WorldShapeProperty' shapetype='Polygon'>
				<point x = '-400' y = '250'/>
				<point x = '-200' y = '250'/>
				<point x = '-200' y = '225'/>
				<point x = '-400' y = '225'/>
			</property>
			<property type='PaintProperty' red='0' green='0' blue='0'/>
		</properties>
		<entitySets/>
	</entity>
	
	<entity name="Bottom platform 4 stalk" template="Wall">
		<properties>
			<property type='WorldShapeProperty' shapetype='Polygon'>
				<point x = '325' y = '240'/>
				<point x = '275' y = '240'/>
				<point x = '275' y = '0'/>
				<point x = '325' y = '0'/>
			</property>
			<property type='PaintProperty' red='0' green='0' blue='0'/>
		</properties>
		<entitySets/>
	</entity>	
	
	<entity name="Bottom platform 5 stalk" template="Wall">
		<properties>
			<property type='WorldShapeProperty' shapetype='Polygon'>
				<point x = '-325' y = '240'/>
				<point x = '-275' y = '240'/>
				<point x = '-275' y = '0'/>
				<point x = '-325' y = '0'/>
			</property>
			<property type='PaintProperty' red='0' green='0' blue='0'/>
		</properties>
		<entitySets/>
	</entity>
	
	<entity name="Spawn point" template="Spawn">
		<properties>
			<property type='PositionProperty' x='0' y='-600'/>
			<property type='OrientationProperty' value = '0'/>
		</properties>
		<entitySets/>
	</entity> 
	
	<entity name="Camera" template="Camera">
		<properties>
			<property type='PositionProperty' x='0' y='-650'/>
			<property type='OrientationProperty' value='0'/>
		</properties>
		<entitySets/>
	</entity>
	
	<entity name="Crosshair" template="Crosshair">
		<properties/>
		<entitySets/>
	</entity>
	
	<entity name="Backdrop" template="None">
		<properties>
			<property type='FillProperty'/>
			<property type='SpriteProperty' image='Textures/bats.gif'/>
			<property type='LayerProperty' value='-3'/>
			<property type='ParallaxProperty' value='0.5'/>
		</properties>
		<entitySets>
			<entitySet type='fullprototypeone.renderer.GameViewer'/>
		</entitySets>	
	</entity>
</level>	
