<level>
	<setting type = 'topred' value = '32'/>
	<setting type = 'topgreen' value = '0'/>
	<setting type = 'topblue' value = '64'/>
	<setting type = 'bottomred' value = '64'/>
	<setting type = 'bottomgreen' value = '64'/>
	<setting type = 'bottomblue' value = '192'/>
	<setting type = 'gravity' value = '1000'/>


	<entity name="Arena central platform" template="Wall">
		<properties>
			<property type='WorldShapeProperty' shapetype='Polygon'>
				<point x = '-75' y = '0'/>
				<point x = '75' y = '0'/>
				<point x = '75' y = '30'/>
				<point x = '-75' y = '30'/>
			</property>
			<property type='PaintProperty' red='0' green='0' blue='0'/>
		</properties>
		<entitySets/>
	</entity>
	
	<entity name="Arena left ascension platform" template="Wall">
		<properties>
			<property type='WorldShapeProperty' shapetype='Polygon'>
				<point x = '-275' y = '-230'/>
				<point x = '-125' y = '-230'/>
				<point x = '-125' y = '-200'/>
				<point x = '-275' y = '-200'/>
			</property>
			<property type='PaintProperty' red='0' green='0' blue='0'/>
		</properties>
		<entitySets/>
	</entity>
	
	<entity name="Arena right ascension platform" template="Wall">
		<properties>
			<property type='WorldShapeProperty' shapetype='Polygon'>
				<point x = '275' y = '-230'/>
				<point x = '125' y = '-230'/>
				<point x = '125' y = '-200'/>
				<point x = '275' y = '-200'/>
			</property>
			<property type='PaintProperty' red='0' green='0' blue='0'/>
		</properties>
		<entitySets/>
	</entity>	
	
	<entity name="Arena left C-zone bottom floor" template="Wall">
		<properties>
			<property type='WorldShapeProperty' shapetype='Polygon'>
				<point x = '-700' y = '-150'/>
				<point x = '-900' y = '-350'/>
				<point x = '-925' y = '-325'/>
				<point x = '-725' y = '-125'/>
			</property>
			<property type='PaintProperty' red='0' green='0' blue='0'/>
		</properties>
		<entitySets/>
	</entity>

	<entity name="Arena left C-zone side floor" template="Wall">
		<properties>
			<property type='WorldShapeProperty' shapetype='Polygon'>
				<point x = '-885' y = '-675'/>
				<point x = '-925' y = '-675'/>
				<point x = '-925' y = '-325'/>
				<point x = '-885' y = '-325'/>
			</property>
			<property type='PaintProperty' red='0' green='0' blue='0'/>
		</properties>
		<entitySets/>
	</entity>	

	<entity name="Arena left C-zone top floor" template="Wall">
		<properties>
			<property type='WorldShapeProperty' shapetype='Polygon'>
				<point x = '-900' y = '-650'/>
				<point x = '-925' y = '-675'/>
				<point x = '-725' y = '-875'/>
				<point x = '-700' y = '-850'/>
			</property>
			<property type='PaintProperty' red='0' green='0' blue='0'/>
		</properties>
		<entitySets/>
	</entity>	

	<entity name="Arena left C-zone ceiling" template="Wall">
		<properties>
			<property type='WorldShapeProperty' shapetype='Polygon'>
				<point x = '-500' y = '-840'/>
				<point x = '-500' y = '-875'/>
				<point x = '-725' y = '-875'/>
				<point x = '-735' y = '-840'/>
			</property>
			<property type='PaintProperty' red='0' green='0' blue='0'/>
		</properties>
		<entitySets/>
	</entity>		
	
	<entity name="Arena left C-zone bottom gravity zone" template="PhysicsZone">
		<properties>
			<property type='WorldShapeProperty' shapetype='Polygon'>
				<point x = '-700' y = '-150'/>
				<point x = '-900' y = '-350'/>
				<point x = '-600' y = '-450'/>
				<point x = '-500' y = '-350'/>
			</property>
			<property type='GravityZoneProperty' angle='-45' strength='1'/>
			<property type='OrientedPaintProperty' texture='Textures/downArrow.png' orientation ='-45'/>
		</properties>
		<entitySets/>
	</entity>

	<entity name="Arena left C-zone side gravity zone" template="PhysicsZone">
		<properties>
			<property type='WorldShapeProperty' shapetype='Polygon'>
				<point x = '-900' y = '-350'/>
				<point x = '-900' y = '-650'/>
				<point x = '-600' y = '-550'/>
				<point x = '-600' y = '-450'/>
			</property>
			<property type='GravityZoneProperty' angle='-90' strength='1'/>
			<property type='OrientedPaintProperty' texture='Textures/downArrow.png' orientation ='-90'/>
		</properties>
		<entitySets/>
	</entity>

	<entity name="Arena left C-zone topgravity zone" template="PhysicsZone">
		<properties>
			<property type='WorldShapeProperty' shapetype='Polygon'>
				<point x = '-700' y = '-850'/>
				<point x = '-900' y = '-650'/>
				<point x = '-600' y = '-550'/>
				<point x = '-500' y = '-650'/>
			</property>
			<property type='GravityZoneProperty' angle='-135' strength='1'/>
			<property type='OrientedPaintProperty' texture='Textures/downArrow.png' orientation ='-135'/>
		</properties>
		<entitySets/>
	</entity>
	
	<entity name="Arena left C-zone catch platform" template="Wall">
		<properties>
			<property type='WorldShapeProperty' shapetype='Polygon'>
				<point x = '-500' y = '-550'/>
				<point x = '-100' y = '-550'/>
				<point x = '-100' y = '-520'/>
				<point x = '-500' y = '-520'/>
			</property>
			<property type='PaintProperty' red='0' green='0' blue='0'/>
		</properties>
		<entitySets/>
	</entity>	

	<entity name="Arena centerpiece " template="Wall">
		<properties>
			<property type='WorldShapeProperty' shapetype='Polygon'>
				<point x = '-250' y = '-950'/>
				<point x = '-250' y = '-920'/>
				<point x = '-100' y = '-920'/>
				<point x = '-100' y = '-950'/>
			</property>
			<property type='PaintProperty' red='0' green='0' blue='0'/>
		</properties>
		<entitySets/>
	</entity>	
	
	<entity name="Arena drainpipe left top" template="Wall">
		<properties>
			<property type='WorldShapeProperty' shapetype='Polygon'>
				<point x = '100' y = '-750'/>
				<point x = '400' y = '-750'/>
				<point x = '400' y = '-720'/>
				<point x = '100' y = '-720'/>
			</property>
			<property type='PaintProperty' red='0' green='0' blue='0'/>
		</properties>
		<entitySets/>
	</entity>	
	
	<entity name="Arena drainpipe left slope" template="Wall">
		<properties>
			<property type='WorldShapeProperty' shapetype='Polygon'>
				<point x = '550' y = '-600'/>
				<point x = '400' y = '-750'/>
				<point x = '390' y = '-720'/>
				<point x = '520' y = '-590'/>
			</property>
			<property type='PaintProperty' red='0' green='0' blue='0'/>
		</properties>
		<entitySets/>
	</entity>	
	
	<entity name="Arena drainpipe left side" template="Wall">
		<properties>
			<property type='WorldShapeProperty' shapetype='Polygon'>
				<point x = '550' y = '-600'/>
				<point x = '550' y = '-300'/>
				<point x = '520' y = '-300'/>
				<point x = '520' y = '-600'/>
			</property>
			<property type='PaintProperty' red='0' green='0' blue='0'/>
		</properties>
		<entitySets/>
	</entity>	
	
	<entity name="Arena drainpipe left slope gravity zone" template="PhysicsZone">
		<properties>
			<property type='WorldShapeProperty' shapetype='Polygon'>
				<point x = '550' y = '-600'/>
				<point x = '400' y = '-750'/>
				<point x = '450' y = '-900'/>
				<point x = '700' y = '-650'/>
			</property>
			<property type='GravityZoneProperty' angle='-45' strength='1'/>
			<property type='OrientedPaintProperty' texture='Textures/downArrow.png' orientation ='-45'/> 
		</properties>
		<entitySets/>
	</entity>	
	
	<entity name="Arena drainpipe left side gravity zone" template="PhysicsZone">
		<properties>
			<property type='WorldShapeProperty' shapetype='Polygon'>
				<point x = '550' y = '-600'/>
				<point x = '550' y = '-300'/>
				<point x = '700' y = '-300'/>
				<point x = '700' y = '-650'/>
			</property>
			<property type='GravityZoneProperty' angle='-90' strength='1'/>
			<property type='OrientedPaintProperty' texture='Textures/downArrow.png' orientation ='-90'/>
		</properties>
		<entitySets/>
	</entity>	

	<entity name="Arena drainpipe centreblock" template="Wall">
		<properties>
			<property type='WorldShapeProperty' shapetype='Polygon'>
				<point x = '735' y = '-1250'/>
				<point x = '765' y = '-1250'/>
				<point x = '765' y = '-550'/>
				<point x = '735' y = '-550'/>
			</property>
			<property type='PaintProperty' red='0' green='0' blue='0'/>
		</properties>
		<entitySets/>
	</entity>
	
	<entity name="Arena drainpipe right side" template="Wall">
		<properties>
			<property type='WorldShapeProperty' shapetype='Polygon'>
				<point x = '950' y = '-700'/>
				<point x = '950' y = '-300'/>
				<point x = '980' y = '-300'/>
				<point x = '980' y = '-700'/>
			</property>
			<property type='PaintProperty' red='0' green='0' blue='0'/>
		</properties>
		<entitySets/>
	</entity>
	
	<entity name="Arena drainpipe right slope" template="Wall">
		<properties>
			<property type='WorldShapeProperty' shapetype='Polygon'>
				<point x = '950' y = '-700'/>
				<point x = '1100' y = '-850'/>
				<point x = '1110' y = '-820'/>
				<point x = '980' y = '-690'/>
			</property>
			<property type='PaintProperty' red='0' green='0' blue='0'/>
		</properties>
		<entitySets/>
	</entity>
	
	<entity name="Arena drainpipe right top" template="Wall">
		<properties>
			<property type='WorldShapeProperty' shapetype='Polygon'>
				<point x = '1100' y = '-820'/>
				<point x = '1100' y = '-850'/>
				<point x = '1600' y = '-850'/>
				<point x = '1600' y = '-820'/>
			</property>
			<property type='PaintProperty' red='0' green='0' blue='0'/>
		</properties>
		<entitySets/>
	</entity>
	
	<entity name="Arena drainpipe right side gravity zone" template="PhysicsZone">
		<properties>
			<property type='WorldShapeProperty' shapetype='Polygon'>
				<point x = '950' y = '-700'/>
				<point x = '950' y = '-300'/>
				<point x = '800' y = '-300'/>
				<point x = '800' y = '-750'/>
			</property>
			<property type='GravityZoneProperty' angle='90' strength='1'/>
			<property type='OrientedPaintProperty' texture='Textures/downArrow.png' orientation ='90'/>
		</properties>
		<entitySets/>
	</entity>	

	<entity name="Arena drainpipe right slope gravity zone" template="PhysicsZone">
		<properties>
			<property type='WorldShapeProperty' shapetype='Polygon'>
				<point x = '950' y = '-700'/>
				<point x = '1100' y = '-850'/>
				<point x = '1050' y = '-1000'/>
				<point x = '800' y = '-750'/>
			</property>
			<property type='GravityZoneProperty' angle='45' strength='1'/>
			<property type='OrientedPaintProperty' texture='Textures/downArrow.png' orientation ='45'/>
		</properties>
		<entitySets/>
	</entity>	
	
	<entity name="Arena drainpipe nook platform" template="Wall">
		<properties>
			<property type='WorldShapeProperty' shapetype='Polygon'>
				<point x = '1300' y = '-400'/>
				<point x = '1300' y = '-375'/>
				<point x = '1150' y = '-375'/>
				<point x = '1150' y = '-400'/>
			</property>
			<property type='PaintProperty' red='0' green='0' blue='0'/>
		</properties>
		<entitySets/>
	</entity>

	<entity name="Arena right tilt platform" template="Wall">
		<properties>
			<property type='WorldShapeProperty' shapetype='Polygon'>
				<point x = '225' y = '100'/>
				<point x = '375' y = '150'/>
				<point x = '365' y = '180'/>
				<point x = '215' y = '130'/>
			</property>
			<property type='PaintProperty' red='0' green='0' blue='0'/>
		</properties>
		<entitySets/>
	</entity>

	<entity name="Arena right tilt gravity zone" template="PhysicsZone">
		<properties>
			<property type='WorldShapeProperty' shapetype='Polygon'>
				<point x = '225' y = '100'/>
				<point x = '375' y = '150'/>
				<point x = '475' y = '-150'/>
				<point x = '325' y = '-200'/>
			</property>
			<property type='GravityZoneProperty' angle='-18.43' strength='1'/>
			<property type='OrientedPaintProperty' texture='Textures/downArrow.png' orientation ='-18.43'/>
		</properties>
		<entitySets/>
	</entity>
	
	<entity name="Arena left tilt platform" template="Wall">
		<properties>
			<property type='WorldShapeProperty' shapetype='Polygon'>
				<point x = '-225' y = '100'/>
				<point x = '-375' y = '150'/>
				<point x = '-365' y = '180'/>
				<point x = '-215' y = '130'/>
			</property>
			<property type='PaintProperty' red='0' green='0' blue='0'/>
		</properties>
		<entitySets/>
	</entity>

	<entity name="Arena left tilt gravity zone" template="PhysicsZone">
		<properties>
			<property type='WorldShapeProperty' shapetype='Polygon'>
				<point x = '-225' y = '100'/>
				<point x = '-375' y = '150'/>
				<point x = '-475' y = '-150'/>
				<point x = '-325' y = '-200'/>
			</property>
			<property type='GravityZoneProperty' angle='18.43' strength='1'/>
			<property type='OrientedPaintProperty' texture='Textures/downArrow.png' orientation ='18.43'/>
		</properties>
		<entitySets/>
	</entity>
	
	<entity name="Arena left base platform" template="Wall">
		<properties>
			<property type='WorldShapeProperty' shapetype='Polygon'>
				<point x = '-1100' y = '200'/>
				<point x = '-575' y = '200'/>
				<point x = '-575' y = '250'/>
				<point x = '-1100' y = '250'/>
			</property>
			<property type='PaintProperty' red='0' green='0' blue='0'/>
		</properties>
		<entitySets/>
	</entity>
	
	<entity name="Arena right base platform" template="Wall">
		<properties>
			<property type='WorldShapeProperty' shapetype='Polygon'>
				<point x = '1100' y = '200'/>
				<point x = '575' y = '200'/>
				<point x = '575' y = '250'/>
				<point x = '1100' y = '250'/>
			</property>
			<property type='PaintProperty' red='0' green='0' blue='0'/>
		</properties>
		<entitySets/>
	</entity>
	
	<entity name="Arena floor" template="Wall">
		<properties>
			<property type='WorldShapeProperty' shapetype='Polygon'>
				<point x = '-4450' y = '650'/>
				<point x = '4500' y = '650'/>
				<point x = '4500' y = '3700'/>
				<point x = '-4450' y = '3700'/>
			</property>
			<property type='PaintProperty' red='0' green='0' blue='0'/>
		</properties>
		<entitySets/>
	</entity>
	
	<entity name="Arena left strut" template="Wall">
		<properties>
			<property type='WorldShapeProperty' shapetype='Polygon'>
				<point x = '-1000' y = '225'/>
				<point x = '-900' y = '225'/>
				<point x = '-900' y = '550'/>
				<point x = '-1000' y = '550'/>
			</property>
			<property type='PaintProperty' red='0' green='0' blue='0'/>
		</properties>
		<entitySets/>
	</entity>
	
	<entity name="Arena left tar blockade" template="Wall">
		<properties>
			<property type='WorldShapeProperty' shapetype='Polygon'>
				<point x = '-1200' y = '500'/>
				<point x = '-1150' y = '500'/>
				<point x = '-1150' y = '675'/>
				<point x = '-1200' y = '675'/>
			</property>
			<property type='PaintProperty' red='0' green='0' blue='0'/>
		</properties>
		<entitySets/>
	</entity>
	
	<entity name="Arena left lower wall" template="Wall">
		<properties>
			<property type='WorldShapeProperty' shapetype='Polygon'>
				<point x = '-4450' y = '0'/>
				<point x = '-1400' y = '0'/>
				<point x = '-1400' y = '675'/>
				<point x = '-4450' y = '675'/>
			</property>
			<property type='PaintProperty' red='0' green='0' blue='0'/>
		</properties>
		<entitySets/>
	</entity>
	
	<entity name="Arena left lower escape roof" template="Wall">
		<properties>
			<property type='WorldShapeProperty' shapetype='Polygon'>
				<point x = '-2000' y = '-50'/>
				<point x = '-1100' y = '-50'/>
				<point x = '-1100' y = '0'/>
				<point x = '-2000' y = '0'/>
			</property>
			<property type='PaintProperty' red='0' green='0' blue='0'/>
		</properties>
		<entitySets/>
	</entity>
	
	<entity name="Left respawn tube wall 1" template="Wall">
		<properties>
			<property type='WorldShapeProperty' shapetype='Polygon'>
				<point x = '-4500' y = '-5000'/>
				<point x = '-1950' y = '-5000'/>
				<point x = '-1950' y = '50'/>
				<point x = '-4500' y = '50'/>
			</property>
			<property type='PaintProperty' red='0' green='0' blue='0'/>
		</properties>
		<entitySets/>
	</entity>

	<entity name="Left respawn tube wall 2" template="Wall">
		<properties>
			<property type='WorldShapeProperty' shapetype='Polygon'>
				<point x = '-1850' y = '-3000'/>
				<point x = '-1800' y = '-3000'/>
				<point x = '-1800' y = '-150'/>
				<point x = '-1850' y = '-150'/>
			</property>
			<property type='PaintProperty' red='0' green='0' blue='0'/>
		</properties>
		<entitySets/>
	</entity>	
	
	<entity name="Left respawn tube wall top" template="Wall">
		<properties>
			<property type='WorldShapeProperty' shapetype='Polygon'>
				<point x = '-2000' y = '-4500'/>
				<point x = '-1800' y = '-4500'/>
				<point x = '-1800' y = '-2950'/>
				<point x = '-2000' y = '-2950'/>
			</property>
			<property type='PaintProperty' red='0' green='0' blue='0'/>
		</properties>
		<entitySets/>
	</entity>	
	
	<entity name="Arena left respawn path roof" template="Wall">
		<properties>
			<property type='WorldShapeProperty' shapetype='Polygon'>
				<point x = '-1300' y = '-150'/>
				<point x = '-1825' y = '-150'/>
				<point x = '-1825' y = '-850'/>
				<point x = '-1300' y = '-850'/>
			</property>
			<property type='PaintProperty' red='0' green='0' blue='0'/>
		</properties>
		<entitySets/>
	</entity>	
	
	<entity name="Arena left respawn path crosshang" template="Wall">
		<properties>
			<property type='WorldShapeProperty' shapetype='Polygon'>
				<point x = '-1300' y = '-800'/>
				<point x = '-1050' y = '-800'/>
				<point x = '-1050' y = '-850'/>
				<point x = '-1300' y = '-850'/>
			</property>
			<property type='PaintProperty' red='0' green='0' blue='0'/>
		</properties>
		<entitySets/>
	</entity>	
	
	<entity name="Arena C-zone nook platform 1" template="Wall">
		<properties>
			<property type='WorldShapeProperty' shapetype='Polygon'>
				<point x = '-900' y = '-450'/>
				<point x = '-1150' y = '-450'/>
				<point x = '-1150' y = '-420'/>
				<point x = '-900' y = '-420'/>
			</property>
			<property type='PaintProperty' red='0' green='0' blue='0'/>
		</properties>
		<entitySets/>
	</entity>
	
	<entity name="Arena left tarpit well gravity zone" template="PhysicsZone">
		<properties>
			<property type='WorldShapeProperty' shapetype='Polygon'>
				<point x = '-1425' y = '0'/>
				<point x = '-1200' y = '0'/>
				<point x = '-1200' y = '675'/>
				<point x = '-1425' y = '675'/>
			</property>
			<property type='GravityZoneProperty' angle='-90' strength='1'/>
			<property type='OrientedPaintProperty' texture='Textures/downArrow.png' orientation ='-90'/>
		</properties>
		<entitySets/>
	</entity>	
	
	<entity name="Arena right strut" template="Wall">
		<properties>
			<property type='WorldShapeProperty' shapetype='Polygon'>
				<point x = '1100' y = '250'/>
				<point x = '800' y = '250'/>
				<point x = '800' y = '550'/>
				<point x = '900' y = '550'/>
				<point x = '1000' y = '475'/>
				<point x = '1050' y = '400'/>
			</property>
			<property type='PaintProperty' red='0' green='0' blue='0'/>
		</properties>
		<entitySets/>
	</entity>
	
	<entity name="Arena right pooling lower wall" template="Wall">
		<properties>
			<property type='WorldShapeProperty' shapetype='Polygon'>
				<point x = '1450' y = '-125'/>
				<point x = '4500' y = '-125'/>
				<point x = '4500' y = '675'/>
				<point x = '1450' y = '675'/>
			</property>
			<property type='PaintProperty' red='0' green='0' blue='0'/>
		</properties>
		<entitySets/>
	</entity>
	
	<entity name="Arena right pooling escape platform 1" template="Wall">
		<properties>
			<property type='WorldShapeProperty' shapetype='Polygon'>
				<point x = '1200' y = '525'/>
				<point x = '1375' y = '525'/>
				<point x = '1375' y = '550'/>
				<point x = '1200' y = '550'/>
			</property>
			<property type='PaintProperty' red='0' green='0' blue='0'/>
		</properties>
		<entitySets/>
	</entity>
	
	<entity name="Arena right pooling escape platform 2" template="Wall">
		<properties>
			<property type='WorldShapeProperty' shapetype='Polygon'>
				<point x = '1000' y = '425'/>
				<point x = '1200' y = '425'/>
				<point x = '1200' y = '400'/>
				<point x = '1000' y = '400'/>
			</property>
			<property type='PaintProperty' red='0' green='0' blue='0'/>
		</properties>
		<entitySets/>
	</entity>
	
	<entity name="Tarpit right pooling escape platform 3" template="Wall">
		<properties>
			<property type='WorldShapeProperty' shapetype='Polygon'>
				<point x = '1300' y = '275'/>
				<point x = '1475' y = '275'/>
				<point x = '1475' y = '250'/>
				<point x = '1300' y = '250'/>
			</property>
			<property type='PaintProperty' red='0' green='0' blue='0'/>
		</properties>
		<entitySets/>
	</entity>
	
	<entity name="Arena right base platform 2" template="Wall">
		<properties>
			<property type='WorldShapeProperty' shapetype='Polygon'>
				<point x = '900' y = '75'/>
				<point x = '750' y = '75'/>
				<point x = '750' y = '50'/>
				<point x = '900' y = '50'/>
			</property>
			<property type='PaintProperty' red='0' green='0' blue='0'/>
		</properties>
		<entitySets/>
	</entity>
	
	<entity name="Arena right lower escape roof" template="Wall">
		<properties>
			<property type='WorldShapeProperty' shapetype='Polygon'>
				<point x = '1050' y = '-150'/>
				<point x = '1050' y = '-100'/>
				<point x = '2000' y = '-100'/>
				<point x = '2000' y = '-150'/>
			</property>
			<property type='PaintProperty' red='0' green='0' blue='0'/>
		</properties>
		<entitySets/>
	</entity>	

	<entity name="Right respawn tube wall 1" template="Wall">
		<properties>
			<property type='WorldShapeProperty' shapetype='Polygon'>
				<point x = '4500' y = '-5000'/>
				<point x = '1950' y = '-5000'/>
				<point x = '1950' y = '-100'/>
				<point x = '4500' y = '-100'/>
			</property>
			<property type='PaintProperty' red='0' green='0' blue='0'/>
		</properties>
		<entitySets/>
	</entity>

	<entity name="Right respawn tube wall 2" template="Wall">
		<properties>
			<property type='WorldShapeProperty' shapetype='Polygon'>
				<point x = '1850' y = '-3000'/>
				<point x = '1600' y = '-3000'/>
				<point x = '1600' y = '-250'/>
				<point x = '1850' y = '-250'/>
			</property>
			<property type='PaintProperty' red='0' green='0' blue='0'/>
		</properties>
		<entitySets/>
	</entity>	
	
	<entity name="Right respawn tube wall top" template="Wall">
		<properties>
			<property type='WorldShapeProperty' shapetype='Polygon'>
				<point x = '2000' y = '-4500'/>
				<point x = '1800' y = '-4500'/>
				<point x = '1800' y = '-2950'/>
				<point x = '2000' y = '-2950'/>
			</property>
			<property type='PaintProperty' red='0' green='0' blue='0'/>
		</properties>
		<entitySets/>
	</entity>

	<entity name="Arena right respawn path roof" template="Wall">
		<properties>
			<property type='WorldShapeProperty' shapetype='Polygon'>
				<point x = '1300' y = '-850'/>
				<point x = '1800' y = '-850'/>
				<point x = '1800' y = '-250'/>
				<point x = '1300' y = '-250'/>
			</property>
			<property type='PaintProperty' red='0' green='0' blue='0'/>
		</properties>
		<entitySets/>
	</entity>		

	<entity name="Arena roof" template="Wall">
		<properties>
			<property type='WorldShapeProperty' shapetype='Polygon'>
				<point x = '1300' y = '-1250'/>
				<point x = '-1300' y = '-1250'/>
				<point x = '-1300' y = '-1500'/>
				<point x = '1300' y = '-1500'/>
			</property>
			<property type='PaintProperty' red='0' green='0' blue='0'/>
		</properties>
		<entitySets/>
	</entity>
	
	<entity name="Tarpit Mound" template="Wall">
		<properties>
			<property type='WorldShapeProperty' shapetype='Polygon'>
				<point x = '-400' y = '650'/>
				<point x = '-200' y = '500'/>
				<point x = '0' y = '450'/>
				<point x = '200' y = '500'/>
				<point x = '400' y = '650'/>
			</property>
			<property type='PaintProperty' red='0' green='0' blue='0'/>
		</properties>
		<entitySets/>
	</entity>
	
	<entity name="Tarpit Stile" template="Wall">
		<properties>
			<property type='WorldShapeProperty' shapetype='Polygon'>
				<point x = '-700' y = '650'/>
				<point x = '-750' y = '650'/>
				<point x = '-750' y = '500'/>
				<point x = '-700' y = '500'/>
			</property>
			<property type='PaintProperty' red='0' green='0' blue='0'/>
		</properties>
		<entitySets/>
	</entity>
	
	<entity name="Tarpit Taunt Platform" template="Wall">
		<properties>
			<property type='WorldShapeProperty' shapetype='Polygon'>
				<point x = '600' y = '475'/>
				<point x = '450' y = '475'/>
				<point x = '450' y = '500'/>
				<point x = '600' y = '500'/>
			</property>
			<property type='PaintProperty' red='0' green='0' blue='0'/>
		</properties>
		<entitySets/>
	</entity>
	
	<entity name="Tarpit Central Block" template="PhysicsZone">
		<properties>
			<property type='WorldShapeProperty' shapetype='Polygon'>
				<point x = '-950' y = '225'/>
				<point x = '850' y = '225'/>
				<point x = '850' y = '675'/>
				<point x = '-950' y = '675'/>
			</property>
			<property type='OrientedPaintProperty' texture='Textures/hourglass.png' orientation='0'/>
			<property type='TimeZoneProperty' factor='0.5'/>
		</properties>
		<entitySets/>
	</entity>
	
	<entity name="Tarpit Left Pooling" template="PhysicsZone">
		<properties>
			<property type='WorldShapeProperty' shapetype='Polygon'>
				<point x = '-1175' y = '525'/>
				<point x = '-950' y = '525'/>
				<point x = '-950' y = '675'/>
				<point x = '-1175' y = '675'/>
			</property>
			<property type='OrientedPaintProperty' texture='Textures/hourglass.png' orientation='0'/>
			<property type='TimeZoneProperty' factor='0.5'/>
		</properties>
		<entitySets/>
	</entity>
	
	<entity name="Tarpit Right Pooling" template="PhysicsZone">
		<properties>
			<property type='WorldShapeProperty' shapetype='Polygon'>
				<point x = '850' y = '450'/>
				<point x = '1500' y = '450'/>
				<point x = '1500' y = '675'/>
				<point x = '850' y = '675'/>
			</property>
			<property type='OrientedPaintProperty' texture='Textures/hourglass.png' orientation='0'/>
			<property type='TimeZoneProperty' factor='0.5'/>
		</properties>
		<entitySets/>
	</entity>

	<entity name="Left Flip Approach Platform 1" template="Wall">
		<properties>
			<property type='WorldShapeProperty' shapetype='Polygon'>
				<point x = '-1800' y = '-1020'/>
				<point x = '-1600' y = '-1020'/>
				<point x = '-1600' y = '-990'/>
				<point x = '-1800' y = '-990'/>
			</property>
			<property type='PaintProperty' red='0' green='0' blue='0'/>
		</properties>
		<entitySets/>
	</entity>

	<entity name="Left Flip Approach Platform 2" template="Wall">
		<properties>
			<property type='WorldShapeProperty' shapetype='Polygon'>
				<point x = '-1250' y = '-1190'/>
				<point x = '-1450' y = '-1190'/>
				<point x = '-1450' y = '-1160'/>
				<point x = '-1250' y = '-1160'/>
			</property>
			<property type='PaintProperty' red='0' green='0' blue='0'/>
		</properties>
		<entitySets/>
	</entity>

	<entity name="Left Flip Approach Platform 3" template="Wall">
		<properties>
			<property type='WorldShapeProperty' shapetype='Polygon'>
				<point x = '-1800' y = '-1360'/>
				<point x = '-1600' y = '-1360'/>
				<point x = '-1600' y = '-1330'/>
				<point x = '-1800' y = '-1330'/>
			</property>
			<property type='PaintProperty' red='0' green='0' blue='0'/>
		</properties>
		<entitySets/>
	</entity>


	<entity name="Left Flip Approach Platform 4" template="Wall">
		<properties>
			<property type='WorldShapeProperty' shapetype='Polygon'>
				<point x = '-1280' y = '-1500'/>
				<point x = '-1500' y = '-1500'/>
				<point x = '-1500' y = '-1450'/>
				<point x = '-1280' y = '-1450'/>
			</property>
			<property type='PaintProperty' red='0' green='0' blue='0'/>
		</properties>
		<entitySets/>
	</entity>

	<entity name="Right Flip Approach Step" template="Wall">
		<properties>
			<property type='WorldShapeProperty' shapetype='Polygon'>
				<point x = '1400' y = '-820'/>
				<point x = '1400' y = '-1050'/>
				<point x = '1620' y = '-1050'/>
				<point x = '1620' y = '-820'/>
			</property>
			<property type='PaintProperty' red='0' green='0' blue='0'/>
		</properties>
		<entitySets/>
	</entity>
	
	<entity name="Right Flip Ceiling Slope" template="Wall">
		<properties>
			<property type='WorldShapeProperty' shapetype='Polygon'>
				<point x = '1200' y = '-1750'/>
				<point x = '1620' y = '-1750'/>
				<point x = '1620' y = '-2000'/>
				<point x = '950' y = '-2000'/>
			</property>
			<property type='PaintProperty' red='0' green='0' blue='0'/>
		</properties>
		<entitySets/>
	</entity>
	
	<entity name="Right Flip Approach Gravity Zone" template="PhysicsZone">
		<properties>
			<property type='WorldShapeProperty' shapetype='Polygon'>
				<point x = '1600' y = '-1050'/>
				<point x = '1400' y = '-1050'/>
				<point x = '1400' y = '-1750'/>
				<point x = '1600' y = '-1750'/>
			</property>
			<property type='GravityZoneProperty' angle='90' strength='1'/>
			<property type='OrientedPaintProperty' texture='Textures/downArrow.png' orientation ='90'/>
		</properties>
		<entitySets/>
	</entity>
	
	<entity name="Left Flip Ceiling Slope" template="Wall">
		<properties>
			<property type='WorldShapeProperty' shapetype='Polygon'>
				<point x = '-1200' y = '-1750'/>
				<point x = '-1820' y = '-1750'/>
				<point x = '-1820' y = '-2000'/>
				<point x = '-950' y = '-2000'/>
			</property>
			<property type='PaintProperty' red='0' green='0' blue='0'/>
		</properties>
		<entitySets/>
	</entity>
	
	<entity name="Left Flip Ceiling" template="Wall">
		<properties>
			<property type='WorldShapeProperty' shapetype='Polygon'>
				<point x = '-100' y = '-2100'/>
				<point x = '-1820' y = '-2100'/>
				<point x = '-1820' y = '-2000'/>
				<point x = '-100' y = '-2000'/>
			</property>
			<property type='PaintProperty' red='0' green='0' blue='0'/>
		</properties>
		<entitySets/>
	</entity>
	
	<entity name="Left Flip Step" template="Wall">
		<properties>
			<property type='WorldShapeProperty' shapetype='Polygon'>
				<point x = '-100' y = '-2050'/>
				<point x = '-150' y = '-2050'/>
				<point x = '-150' y = '-2200'/>
				<point x = '-100' y = '-2200'/>
			</property>
			<property type='PaintProperty' red='0' green='0' blue='0'/>
		</properties>
		<entitySets/>
	</entity>
	
	<entity name="Right Flip Ceiling" template="Wall">
		<properties>
			<property type='WorldShapeProperty' shapetype='Polygon'>
				<point x = '100' y = '-2100'/>
				<point x = '1820' y = '-2100'/>
				<point x = '1820' y = '-2000'/>
				<point x = '100' y = '-2000'/>
			</property>
			<property type='PaintProperty' red='0' green='0' blue='0'/>
		</properties>
		<entitySets/>
	</entity>
	
	<entity name="Right Flip Step" template="Wall">
		<properties>
			<property type='WorldShapeProperty' shapetype='Polygon'>
				<point x = '100' y = '-2050'/>
				<point x = '150' y = '-2050'/>
				<point x = '150' y = '-2200'/>
				<point x = '100' y = '-2200'/>
			</property>
			<property type='PaintProperty' red='0' green='0' blue='0'/>
		</properties>
		<entitySets/>
	</entity>

	<entity name="Flip Vault Guard" template="Wall">
		<properties>
			<property type='WorldShapeProperty' shapetype='Polygon'>
				<point x = '-300' y = '-1765'/>
				<point x = '300' y = '-1765'/>
				<point x = '300' y = '-1735'/>
				<point x = '-300' y = '-1735'/>
			</property>
			<property type='PaintProperty' red='0' green='0' blue='0'/>
		</properties>
		<entitySets/>
	</entity>

	<entity name="Flip Left Cover" template="Wall">
		<properties>
			<property type='WorldShapeProperty' shapetype='Polygon'>
				<point x = '-700' y = '-1500'/>
				<point x = '-700' y = '-1600'/>
				<point x = '-600' y = '-1600'/>
				<point x = '-500' y = '-1500'/>
			</property>
			<property type='PaintProperty' red='0' green='0' blue='0'/>
		</properties>
		<entitySets/>
	</entity>
	
	<entity name="Flip Right Cover" template="Wall">
		<properties>
			<property type='WorldShapeProperty' shapetype='Polygon'>
				<point x = '700' y = '-1500'/>
				<point x = '700' y = '-1600'/>
				<point x = '600' y = '-1600'/>
				<point x = '500' y = '-1500'/>
			</property>
			<property type='PaintProperty' red='0' green='0' blue='0'/>
		</properties>
		<entitySets/>
	</entity>

	<entity name="Vault Left Wall" template="Wall">
		<properties>
			<property type='WorldShapeProperty' shapetype='Polygon'>
				<point x = '-600' y = '-2050'/>
				<point x = '-1825' y = '-2050'/>
				<point x = '-1825' y = '-2650'/>
				<point x = '-600' y = '-2650'/>
			</property>
			<property type='PaintProperty' red='0' green='0' blue='0'/>
		</properties>
		<entitySets/>
	</entity>

	<entity name="Vault Left Platform" template="Wall">
		<properties>
			<property type='WorldShapeProperty' shapetype='Polygon'>
				<point x = '-300' y = '-2350'/>
				<point x = '-500' y = '-2350'/>
				<point x = '-500' y = '-2320'/>
				<point x = '-300' y = '-2320'/>
			</property>
			<property type='PaintProperty' red='0' green='0' blue='0'/>
		</properties>
		<entitySets/>
	</entity>

	<entity name="Vault Right Platform" template="Wall">
		<properties>
			<property type='WorldShapeProperty' shapetype='Polygon'>
				<point x = '300' y = '-2350'/>
				<point x = '500' y = '-2350'/>
				<point x = '500' y = '-2320'/>
				<point x = '300' y = '-2320'/>
			</property>
			<property type='PaintProperty' red='0' green='0' blue='0'/>
		</properties>
		<entitySets/>
	</entity>
	
	<entity name="Vault Right Wall" template="Wall">
		<properties>
			<property type='WorldShapeProperty' shapetype='Polygon'>
				<point x = '600' y = '-2050'/>
				<point x = '1825' y = '-2050'/>
				<point x = '1825' y = '-2650'/>
				<point x = '600' y = '-2650'/>
			</property>
			<property type='PaintProperty' red='0' green='0' blue='0'/>
		</properties>
		<entitySets/>
	</entity>
	
	<entity name="Vault Ceiling" template="Wall">
		<properties>
			<property type='WorldShapeProperty' shapetype='Polygon'>
				<point x = '-1825' y = '-2600'/>
				<point x = '1825' y = '-2600'/>
				<point x = '1825' y = '-4500'/>
				<point x = '-1825' y = '-4500'/>
			</property>
			<property type='PaintProperty' red='0' green='0' blue='0'/>
		</properties>
		<entitySets/>
	</entity>
	
	<entity name="Flip Gravity Zone" template="PhysicsZone">
		<properties>
			<property type='WorldShapeProperty' shapetype='Polygon'>
				<point x = '-1600' y = '-1750'/>
				<point x = '1600' y = '-1750'/>
				<point x = '1600' y = '-2100'/>
				<point x = '-1600' y = '-2100'/>
			</property>
			<property type='GravityZoneProperty' angle='180' strength='1'/>
			<property type='OrientedPaintProperty' texture='Textures/downArrow.png' orientation ='180'/>
		</properties>
		<entitySets/>
	</entity>
	

	<entity name="Spawn point" template="Spawn">
		<properties>
			<property type='PositionProperty' x='-1900' y='-2800'/>
			<property type='OrientationProperty' value = '0'/>
		</properties>
		<entitySets/>
	</entity> 


	<entity name="Spawn point" template="Spawn">
		<properties>
			<property type='PositionProperty' x='1900' y='-2800'/>
			<property type='OrientationProperty' value = '0'/>
		</properties>
		<entitySets/>
	</entity> 

	<entity name="Camera" template="Camera">
		<properties>
			<property type='PositionProperty' x='0' y='-200'/>
			<property type='OrientationProperty' value='0'/>
		</properties>
		<entitySets/>
	</entity>
	
	<entity name="Crosshair" template="Crosshair">
		<properties/>
		<entitySets/>
	</entity>
	
	<entity name="Backdrop" template="None">
		<properties>
			<property type='FillProperty'/>
			<property type='SpriteProperty' image='Textures/stars.jpg'/>
			<property type='LayerProperty' value='-3'/>
			<property type='ParallaxProperty' value='0.5'/>
		</properties>
		<entitySets>
			<entitySet type='fullprototypeone.renderer.GameViewer'/>
		</entitySets>	
	</entity>
</level>	
