<level>
	<setting type = 'topred' value = '32'/>
	<setting type = 'topgreen' value = '0'/>
	<setting type = 'topblue' value = '64'/>
	<setting type = 'bottomred' value = '64'/>
	<setting type = 'bottomgreen' value = '64'/>
	<setting type = 'bottomblue' value = '192'/>
	<setting type = 'gravity' value = '1000'/>


	<entity name="Floor" template="Wall">
		<properties>
			<property type='WorldShapeProperty' shapetype='Polygon'>
				<point x = '-50' y = '0'/>
				<point x = '-50' y = '50'/>
				<point x = '1300' y = '50'/>
				<point x = '1300' y = '0'/>
			</property>
			<property type='PaintProperty' red='0' green='0' blue='0'/>
		</properties>
		<entitySets/>
	</entity>
	
	<entity name="Left wall" template="Wall">
		<properties>
			<property type='WorldShapeProperty' shapetype='Polygon'>
				<point x = '-50' y = '50'/>
				<point x = '-50' y = '-1300'/>
				<point x = '0' y = '-1300'/>
				<point x = '0' y = '50'/>
			</property>
			<property type='PaintProperty' red='0' green='0' blue='0'/>
		</properties>
		<entitySets/>
	</entity>
	
		<entity name="Ceiling" template="Wall">
		<properties>
			<property type='WorldShapeProperty' shapetype='Polygon'>
				<point x = '-50' y = '-1300'/>
				<point x = '-50' y = '-1250'/>
				<point x = '1300' y = '-1250'/>
				<point x = '1300' y = '-1300'/>
			</property>
			<property type='PaintProperty' red='0' green='0' blue='0'/>
		</properties>
		<entitySets/>
	</entity>
	
	<entity name="Right wall" template="Wall">
		<properties>
			<property type='WorldShapeProperty' shapetype='Polygon'>
				<point x = '1250' y = '50'/>
				<point x = '1250' y = '-1300'/>
				<point x = '1300' y = '-1300'/>
				<point x = '1300' y = '50'/>
			</property>
			<property type='PaintProperty' red='0' green='0' blue='0'/>
		</properties>
		<entitySets/>
	</entity>
	
	<entity name="Bottom divider" template="Wall">
		<properties>
			<property type='WorldShapeProperty' shapetype='Polygon'>
				<point x = '600' y = '50'/>
				<point x = '600' y = '-200'/>
				<point x = '650' y = '-200'/>
				<point x = '650' y = '50'/>
			</property>
			<property type='PaintProperty' red='0' green='0' blue='0'/>
		</properties>
		<entitySets/>
	</entity>
	
	<entity name="Top divider" template="Wall">
		<properties>
			<property type='WorldShapeProperty' shapetype='Polygon'>
				<point x = '600' y = '-1050'/>
				<point x = '600' y = '-1300'/>
				<point x = '650' y = '-1300'/>
				<point x = '650' y = '-1050'/>
			</property>
			<property type='PaintProperty' red='0' green='0' blue='0'/>
		</properties>
		<entitySets/>
	</entity>
	
	<entity name="Left divider" template="Wall">
		<properties>
			<property type='WorldShapeProperty' shapetype='Polygon'>
				<point x = '-50' y = '-650'/>
				<point x = '-50' y = '-600'/>
				<point x = '200' y = '-600'/>
				<point x = '200' y = '-650'/>
			</property>
			<property type='PaintProperty' red='0' green='0' blue='0'/>
		</properties>
		<entitySets/>
	</entity>
	
	<entity name="Right divider" template="Wall">
		<properties>
			<property type='WorldShapeProperty' shapetype='Polygon'>
				<point x = '1150' y = '-650'/>
				<point x = '1150' y = '-600'/>
				<point x = '1300' y = '-600'/>
				<point x = '1300' y = '-650'/>
			</property>
			<property type='PaintProperty' red='0' green='0' blue='0'/>
		</properties>
		<entitySets/>
	</entity>
	-
	<entity name="Mid horiz divider" template="Wall">
		<properties>
			<property type='WorldShapeProperty' shapetype='Polygon'>
				<point x = '400' y = '-600'/>
				<point x = '850' y = '-600'/>
				<point x = '850' y = '-650'/>
				<point x = '400' y = '-650'/>
			</property>
			<property type='PaintProperty' red='0' green='0' blue='0'/>
		</properties>
		<entitySets/>
	</entity>
	
	<entity name="Mid vert divider" template="Wall">
		<properties>
			<property type='WorldShapeProperty' shapetype='Polygon'>
				<point x = '600' y = '-400'/>
				<point x = '650' y = '-400'/>
				<point x = '650' y = '-850'/>
				<point x = '600' y = '-850'/>
			</property>
			<property type='PaintProperty' red='0' green='0' blue='0'/>
		</properties>
		<entitySets/>
	</entity>
	
	<entity name="Top right platform" template="Wall">
		<properties>
			<property type='WorldShapeProperty' shapetype='Polygon'>
				<point x = '950' y = '-835'/>
				<point x = '950' y = '-885'/>
				<point x = '1150' y = '-885'/>
				<point x = '1150' y = '-835'/>
			</property>
			<property type='PaintProperty' red='0' green='0' blue='0'/>
		</properties>
		<entitySets/>
	</entity>
	
	<entity name="Bottom left platform" template="Wall">
		<properties>
			<property type='WorldShapeProperty' shapetype='Polygon'>
				<point x = '100' y = '-365'/>
				<point x = '100' y = '-415'/>
				<point x = '300' y = '-415'/>
				<point x = '300' y = '-365'/>
			</property>
			<property type='PaintProperty' red='0' green='0' blue='0'/>
		</properties>
		<entitySets/>
	</entity>
	
	<entity name="Top left platform" template="Wall">
		<properties>
			<property type='WorldShapeProperty' shapetype='Polygon'>
				<point x = '365' y = '-950'/>
				<point x = '415' y = '-950'/>
				<point x = '415' y = '-1150'/>
				<point x = '365' y = '-1150'/>
			</property>
			<property type='PaintProperty' red='0' green='0' blue='0'/>
		</properties>
		<entitySets/>
	</entity>
	
	<entity name="Bottom right platform" template="Wall">
		<properties>
			<property type='WorldShapeProperty' shapetype='Polygon'>
				<point x = '835' y = '-100'/>
				<point x = '835' y = '-300'/>
				<point x = '885' y = '-300'/>
				<point x = '885' y = '-100'/>
			</property>
			<property type='PaintProperty' red='0' green='0' blue='0'/>
		</properties>
		<entitySets/>
	</entity>

	<entity name="Topright gravity zone" template="PhysicsZone">
		<properties>
			<property type='WorldShapeProperty' shapetype='Polygon'>
				<point x = '625' y = '-625'/>
				<point x = '1275' y = '-625'/>
				<point x = '1275' y = '-1275'/>
				<point x = '625' y = '-1275'/>
			</property>
			<property type='GravityZoneProperty' angle='0' strength='1'/>
			<property type='OrientedPaintProperty' texture='Textures/downArrow.png' orientation ='0'/>
		</properties>
		<entitySets/>
	</entity>
	
		<entity name="Topleft gravity zone" template="PhysicsZone">
		<properties>
			<property type='WorldShapeProperty' shapetype='Polygon'>
				<point x = '625' y = '-625'/>
				<point x = '-25' y = '-625'/>
				<point x = '-25' y = '-1275'/>
				<point x = '625' y = '-1275'/>
			</property>
			<property type='GravityZoneProperty' angle='90' strength='1'/>
			<property type='OrientedPaintProperty' texture='Textures/downArrow.png' orientation ='90'/>
		</properties>
		<entitySets/>
	</entity>
	
	<entity name="Bottomleft gravity zone" template="PhysicsZone">
		<properties>
			<property type='WorldShapeProperty' shapetype='Polygon'>
				<point x = '625' y = '-625'/>
				<point x = '-25' y = '-625'/>
				<point x = '-25' y = '25'/>
				<point x = '625' y = '25'/>
			</property>
			<property type='GravityZoneProperty' angle='180' strength='1'/>
			<property type='OrientedPaintProperty' texture='Textures/downArrow.png' orientation ='180'/>
		</properties>
		<entitySets/>
	</entity>
	
	<entity name="Bottomright gravity zone" template="PhysicsZone">
		<properties>
			<property type='WorldShapeProperty' shapetype='Polygon'>
				<point x = '625' y = '-625'/>
				<point x = '1275' y = '-625'/>
				<point x = '1275' y = '25'/>
				<point x = '625' y = '25'/>
			</property>
			<property type='GravityZoneProperty' angle='-90' strength='1'/>
			<property type='OrientedPaintProperty' texture='Textures/downArrow.png' orientation ='-90'/>
		</properties>
		<entitySets/>
	</entity>
	
	<entity name="Spawn point" template="Spawn">
		<properties>
			<property type='PositionProperty' x='1050' y='-975'/>
			<property type='OrientationProperty' value = '0'/>
		</properties>
		<entitySets/>
	</entity> 

	<entity name="Spawn point" template="Spawn">
		<properties>
			<property type='PositionProperty' x='200' y='-275'/>
			<property type='OrientationProperty' value = '180'/>
		</properties>
		<entitySets/>
	</entity> 

	<entity name="Spawn point" template="Spawn">
		<properties>
			<property type='PositionProperty' x='975' y='-200'/>
			<property type='OrientationProperty' value = '90'/>
		</properties>
		<entitySets/>
	</entity> 

	<entity name="Spawn point" template="Spawn">
		<properties>
			<property type='PositionProperty' x='275' y='-1050'/>
			<property type='OrientationProperty' value = '-90'/>
		</properties>
		<entitySets/>
	</entity> 

	
	<entity name="Camera" template="Camera">
		<properties>
			<property type='PositionProperty' x='625' y='-625'/>
			<property type='OrientationProperty' value='0'/>
		</properties>
		<entitySets/>
	</entity>
	
	<entity name="Crosshair" template="Crosshair">
		<properties/>
		<entitySets/>
	</entity>
	
	<entity name="Backdrop" template="None">
		<properties>
			<property type='FillProperty'/>
			<property type='SpriteProperty' image='Textures/bats.gif'/>
			<property type='LayerProperty' value='-3'/>
			<property type='ParallaxProperty' value='0.5'/>
		</properties>
		<entitySets>
			<entitySet type='fullprototypeone.renderer.GameViewer'/>
		</entitySets>	
	</entity>
</level>	
